
Nitric Oxide,21/04/2016,18:25:00,102.70,µg/m³,77.79 µg/m³, ,
Nitrogen Dioxide,21/04/2016,18:25:00,88.60,µg/m3,69.17 µg/m3 Prescribed Standard : 80.00 µg/m3, ,
Oxides of Nitrogen,21/04/2016,18:25:00,219.40,µg/m³,167.84 µg/m³, ,
Sulfur Dioxide,21/04/2016,18:25:00,14.90,µg/m3,24.71 µg/m3 Prescribed Standard : 80.00 µg/m3, ,
Ozone,21/04/2016,18:25:00,39.60,µg/m³,28.99 µg/m³, ,
Ammonia,21/04/2016,18:25:00,15.20,µg/m³,36.63 µg/m³, ,
PM2.5,21/04/2016,18:25:00,81.00,µg/m3,76.54 µg/m3 Prescribed Standard : 100.00 µg/m3, ,
PM10,21/04/2016,18:25:00,334.00,µg/m3,398.81 µg/m3 Data under scrutiney Prescribed Standard : 100.00 µg/m3, ,
Benzene,21/04/2016,18:25:00,7.80,µg/m³,12.05 µg/m³, ,
Toluene,21/04/2016,18:25:00,23.00,µg/m³,21.87 µg/m³, ,
P Xylene,21/04/2016,18:25:00,2.00,µg/m³,3.45 µg/m³, ,
Ambient Temperature,21/04/2016,18:25:00,37.70,°C,34.53 °C, ,
Relative Humidity,21/04/2016,18:25:00,15.00,%,20.58 %, ,
Wind Speed,21/04/2016,18:25:00,3.30,m/s,3.61 m/s, ,
Wind Direction,21/04/2016,18:25:00,288.00,deg,286.84 deg, ,
Solar Radiation,21/04/2016,18:25:00,281.00,w/m2,221.55 w/m2, ,
Bar Pressure,21/04/2016,18:25:00,740.00,mmHg,740.00 mmHg, ,
Nitric Oxide,21/04/2016,18:25:00,102.70,µg/m³,77.79 µg/m³, ,
Nitrogen Dioxide,21/04/2016,18:25:00,88.60,µg/m3,69.17 µg/m3 Prescribed Standard : 80.00 µg/m3, ,
Oxides of Nitrogen,21/04/2016,18:25:00,219.40,µg/m³,167.84 µg/m³, ,
Sulfur Dioxide,21/04/2016,18:25:00,14.90,µg/m3,24.71 µg/m3 Prescribed Standard : 80.00 µg/m3, ,
Ozone,21/04/2016,18:25:00,39.60,µg/m³,28.99 µg/m³, ,
Ammonia,21/04/2016,18:25:00,15.20,µg/m³,36.63 µg/m³, ,
PM2.5,21/04/2016,18:25:00,81.00,µg/m3,76.54 µg/m3 Prescribed Standard : 100.00 µg/m3, ,
PM10,21/04/2016,18:25:00,334.00,µg/m3,398.81 µg/m3 Data under scrutiney Prescribed Standard : 100.00 µg/m3, ,
Benzene,21/04/2016,18:25:00,7.80,µg/m³,12.05 µg/m³, ,
Toluene,21/04/2016,18:25:00,23.00,µg/m³,21.87 µg/m³, ,
P Xylene,21/04/2016,18:25:00,2.00,µg/m³,3.45 µg/m³, ,
Ambient Temperature,21/04/2016,18:25:00,37.70,°C,34.53 °C, ,
Relative Humidity,21/04/2016,18:25:00,15.00,%,20.58 %, ,
Wind Speed,21/04/2016,18:25:00,3.30,m/s,3.61 m/s, ,
Wind Direction,21/04/2016,18:25:00,288.00,deg,286.84 deg, ,
Solar Radiation,21/04/2016,18:25:00,281.00,w/m2,221.55 w/m2, ,
Bar Pressure,21/04/2016,18:25:00,740.00,mmHg,740.00 mmHg, ,
Nitric Oxide,21/04/2016,18:25:00,102.70,µg/m³,77.79 µg/m³, ,
Nitrogen Dioxide,21/04/2016,18:25:00,88.60,µg/m3,69.17 µg/m3 Prescribed Standard : 80.00 µg/m3, ,
Oxides of Nitrogen,21/04/2016,18:25:00,219.40,µg/m³,167.84 µg/m³, ,
Sulfur Dioxide,21/04/2016,18:25:00,14.90,µg/m3,24.71 µg/m3 Prescribed Standard : 80.00 µg/m3, ,
Ozone,21/04/2016,18:25:00,39.60,µg/m³,28.99 µg/m³, ,
Ammonia,21/04/2016,18:25:00,15.20,µg/m³,36.63 µg/m³, ,
PM2.5,21/04/2016,18:25:00,81.00,µg/m3,76.54 µg/m3 Prescribed Standard : 100.00 µg/m3, ,
PM10,21/04/2016,18:25:00,334.00,µg/m3,398.81 µg/m3 Data under scrutiney Prescribed Standard : 100.00 µg/m3, ,
Benzene,21/04/2016,18:25:00,7.80,µg/m³,12.05 µg/m³, ,
Toluene,21/04/2016,18:25:00,23.00,µg/m³,21.87 µg/m³, ,
P Xylene,21/04/2016,18:25:00,2.00,µg/m³,3.45 µg/m³, ,
Ambient Temperature,21/04/2016,18:25:00,37.70,°C,34.53 °C, ,
Relative Humidity,21/04/2016,18:25:00,15.00,%,20.58 %, ,
Wind Speed,21/04/2016,18:25:00,3.30,m/s,3.61 m/s, ,
Wind Direction,21/04/2016,18:25:00,288.00,deg,286.84 deg, ,
Solar Radiation,21/04/2016,18:25:00,281.00,w/m2,221.55 w/m2, ,
Bar Pressure,21/04/2016,18:25:00,740.00,mmHg,740.00 mmHg, ,
Nitric Oxide,21/04/2016,18:25:00,102.70,µg/m³,77.79 µg/m³, ,
Nitrogen Dioxide,21/04/2016,18:25:00,88.60,µg/m3,69.17 µg/m3 Prescribed Standard : 80.00 µg/m3, ,
Oxides of Nitrogen,21/04/2016,18:25:00,219.40,µg/m³,167.84 µg/m³, ,
Sulfur Dioxide,21/04/2016,18:25:00,14.90,µg/m3,24.71 µg/m3 Prescribed Standard : 80.00 µg/m3, ,
Ozone,21/04/2016,18:25:00,39.60,µg/m³,28.99 µg/m³, ,
Ammonia,21/04/2016,18:25:00,15.20,µg/m³,36.63 µg/m³, ,
PM2.5,21/04/2016,18:25:00,81.00,µg/m3,76.54 µg/m3 Prescribed Standard : 100.00 µg/m3, ,
PM10,21/04/2016,18:25:00,334.00,µg/m3,398.81 µg/m3 Data under scrutiney Prescribed Standard : 100.00 µg/m3, ,
Benzene,21/04/2016,18:25:00,7.80,µg/m³,12.05 µg/m³, ,
Toluene,21/04/2016,18:25:00,23.00,µg/m³,21.87 µg/m³, ,
P Xylene,21/04/2016,18:25:00,2.00,µg/m³,3.45 µg/m³, ,
Ambient Temperature,21/04/2016,18:25:00,37.70,°C,34.53 °C, ,
Relative Humidity,21/04/2016,18:25:00,15.00,%,20.58 %, ,
Wind Speed,21/04/2016,18:25:00,3.30,m/s,3.61 m/s, ,
Wind Direction,21/04/2016,18:25:00,288.00,deg,286.84 deg, ,
Solar Radiation,21/04/2016,18:25:00,281.00,w/m2,221.55 w/m2, ,
Bar Pressure,21/04/2016,18:25:00,740.00,mmHg,740.00 mmHg, ,
Nitric Oxide,21/04/2016,18:25:00,102.70,µg/m³,77.79 µg/m³, ,
Nitrogen Dioxide,21/04/2016,18:25:00,88.60,µg/m3,69.17 µg/m3 Prescribed Standard : 80.00 µg/m3, ,
Oxides of Nitrogen,21/04/2016,18:25:00,219.40,µg/m³,167.84 µg/m³, ,
Sulfur Dioxide,21/04/2016,18:25:00,14.90,µg/m3,24.71 µg/m3 Prescribed Standard : 80.00 µg/m3, ,
Ozone,21/04/2016,18:25:00,39.60,µg/m³,28.99 µg/m³, ,
Ammonia,21/04/2016,18:25:00,15.20,µg/m³,36.63 µg/m³, ,
PM2.5,21/04/2016,18:25:00,81.00,µg/m3,76.54 µg/m3 Prescribed Standard : 100.00 µg/m3, ,
PM10,21/04/2016,18:25:00,334.00,µg/m3,398.81 µg/m3 Data under scrutiney Prescribed Standard : 100.00 µg/m3, ,
Benzene,21/04/2016,18:25:00,7.80,µg/m³,12.05 µg/m³, ,
Toluene,21/04/2016,18:25:00,23.00,µg/m³,21.87 µg/m³, ,
P Xylene,21/04/2016,18:25:00,2.00,µg/m³,3.45 µg/m³, ,
Ambient Temperature,21/04/2016,18:25:00,37.70,°C,34.53 °C, ,
Relative Humidity,21/04/2016,18:25:00,15.00,%,20.58 %, ,
Wind Speed,21/04/2016,18:25:00,3.30,m/s,3.61 m/s, ,
Wind Direction,21/04/2016,18:25:00,288.00,deg,286.84 deg, ,
Solar Radiation,21/04/2016,18:25:00,281.00,w/m2,221.55 w/m2, ,
Bar Pressure,21/04/2016,18:25:00,740.00,mmHg,740.00 mmHg, ,
Nitric Oxide,21/04/2016,18:25:00,102.70,µg/m³,77.79 µg/m³, ,
Nitrogen Dioxide,21/04/2016,18:25:00,88.60,µg/m3,69.17 µg/m3 Prescribed Standard : 80.00 µg/m3, ,
Oxides of Nitrogen,21/04/2016,18:25:00,219.40,µg/m³,167.84 µg/m³, ,
Sulfur Dioxide,21/04/2016,18:25:00,14.90,µg/m3,24.71 µg/m3 Prescribed Standard : 80.00 µg/m3, ,
Ozone,21/04/2016,18:25:00,39.60,µg/m³,28.99 µg/m³, ,
Ammonia,21/04/2016,18:25:00,15.20,µg/m³,36.63 µg/m³, ,
PM2.5,21/04/2016,18:25:00,81.00,µg/m3,76.54 µg/m3 Prescribed Standard : 100.00 µg/m3, ,
PM10,21/04/2016,18:25:00,334.00,µg/m3,398.81 µg/m3 Data under scrutiney Prescribed Standard : 100.00 µg/m3, ,
Benzene,21/04/2016,18:25:00,7.80,µg/m³,12.05 µg/m³, ,
Toluene,21/04/2016,18:25:00,23.00,µg/m³,21.87 µg/m³, ,
P Xylene,21/04/2016,18:25:00,2.00,µg/m³,3.45 µg/m³, ,
Ambient Temperature,21/04/2016,18:25:00,37.70,°C,34.53 °C, ,
Relative Humidity,21/04/2016,18:25:00,15.00,%,20.58 %, ,
Wind Speed,21/04/2016,18:25:00,3.30,m/s,3.61 m/s, ,
Wind Direction,21/04/2016,18:25:00,288.00,deg,286.84 deg, ,
Solar Radiation,21/04/2016,18:25:00,281.00,w/m2,221.55 w/m2, ,
Bar Pressure,21/04/2016,18:25:00,740.00,mmHg,740.00 mmHg, ,
Nitric Oxide,21/04/2016,18:25:00,102.70,µg/m³,77.79 µg/m³, ,
Nitrogen Dioxide,21/04/2016,18:25:00,88.60,µg/m3,69.17 µg/m3 Prescribed Standard : 80.00 µg/m3, ,
Oxides of Nitrogen,21/04/2016,18:25:00,219.40,µg/m³,167.84 µg/m³, ,
Sulfur Dioxide,21/04/2016,18:25:00,14.90,µg/m3,24.71 µg/m3 Prescribed Standard : 80.00 µg/m3, ,
Ozone,21/04/2016,18:25:00,39.60,µg/m³,28.99 µg/m³, ,
Ammonia,21/04/2016,18:25:00,15.20,µg/m³,36.63 µg/m³, ,
PM2.5,21/04/2016,18:25:00,81.00,µg/m3,76.54 µg/m3 Prescribed Standard : 100.00 µg/m3, ,
PM10,21/04/2016,18:25:00,334.00,µg/m3,398.81 µg/m3 Data under scrutiney Prescribed Standard : 100.00 µg/m3, ,
Benzene,21/04/2016,18:25:00,7.80,µg/m³,12.05 µg/m³, ,
Toluene,21/04/2016,18:25:00,23.00,µg/m³,21.87 µg/m³, ,
P Xylene,21/04/2016,18:25:00,2.00,µg/m³,3.45 µg/m³, ,
Ambient Temperature,21/04/2016,18:25:00,37.70,°C,34.53 °C, ,
Relative Humidity,21/04/2016,18:25:00,15.00,%,20.58 %, ,
Wind Speed,21/04/2016,18:25:00,3.30,m/s,3.61 m/s, ,
Wind Direction,21/04/2016,18:25:00,288.00,deg,286.84 deg, ,
Solar Radiation,21/04/2016,18:25:00,281.00,w/m2,221.55 w/m2, ,
Bar Pressure,21/04/2016,18:25:00,740.00,mmHg,740.00 mmHg, ,
Nitric Oxide,21/04/2016,18:25:00,102.70,µg/m³,77.79 µg/m³, ,
Nitrogen Dioxide,21/04/2016,18:25:00,88.60,µg/m3,69.17 µg/m3 Prescribed Standard : 80.00 µg/m3, ,
Oxides of Nitrogen,21/04/2016,18:25:00,219.40,µg/m³,167.84 µg/m³, ,
Sulfur Dioxide,21/04/2016,18:25:00,14.90,µg/m3,24.71 µg/m3 Prescribed Standard : 80.00 µg/m3, ,
Ozone,21/04/2016,18:25:00,39.60,µg/m³,28.99 µg/m³, ,
Ammonia,21/04/2016,18:25:00,15.20,µg/m³,36.63 µg/m³, ,
PM2.5,21/04/2016,18:25:00,81.00,µg/m3,76.54 µg/m3 Prescribed Standard : 100.00 µg/m3, ,
PM10,21/04/2016,18:25:00,334.00,µg/m3,398.81 µg/m3 Data under scrutiney Prescribed Standard : 100.00 µg/m3, ,
Benzene,21/04/2016,18:25:00,7.80,µg/m³,12.05 µg/m³, ,
Toluene,21/04/2016,18:25:00,23.00,µg/m³,21.87 µg/m³, ,
P Xylene,21/04/2016,18:25:00,2.00,µg/m³,3.45 µg/m³, ,
Ambient Temperature,21/04/2016,18:25:00,37.70,°C,34.53 °C, ,
Relative Humidity,21/04/2016,18:25:00,15.00,%,20.58 %, ,
Wind Speed,21/04/2016,18:25:00,3.30,m/s,3.61 m/s, ,
Wind Direction,21/04/2016,18:25:00,288.00,deg,286.84 deg, ,
Solar Radiation,21/04/2016,18:25:00,281.00,w/m2,221.55 w/m2, ,
Bar Pressure,21/04/2016,18:25:00,740.00,mmHg,740.00 mmHg, ,
















