
Ozone,09/04/2015,11:30:00,2.00,µg/m3,17.33 µg/m3 Prescribed Standard : 180.00 µg/m3, ,
Ozone,09/04/2015,11:30:00,2.00,µg/m3,17.33 µg/m3 Prescribed Standard : 180.00 µg/m3, ,
Ozone,09/04/2015,11:30:00,2.00,µg/m3,17.33 µg/m3 Prescribed Standard : 180.00 µg/m3, ,
Ozone,09/04/2015,11:30:00,2.00,µg/m3,17.33 µg/m3 Prescribed Standard : 180.00 µg/m3, ,
Ozone,09/04/2015,11:30:00,2.00,µg/m3,17.33 µg/m3 Prescribed Standard : 180.00 µg/m3, ,
Ozone,09/04/2015,11:30:00,2.00,µg/m3,17.33 µg/m3 Prescribed Standard : 180.00 µg/m3, ,
Ozone,09/04/2015,11:30:00,2.00,µg/m3,17.33 µg/m3 Prescribed Standard : 180.00 µg/m3, ,
