
Nitric Oxide,10/07/2015,12:00:00,31.13,µg/m3,30.13 µg/m3, ,
Nitrogen Dioxide,10/07/2015,12:00:00,39.18,µg/m3,42.18 µg/m3 Prescribed Standard : 80.00 µg/m3, ,
Sulfur Dioxide,10/07/2015,12:00:00,8.66,µg/m3,7.33 µg/m3 Prescribed Standard : 80.00 µg/m3, ,
Carbon Monoxide,10/07/2015,12:00:00,0.91,mg/m3,0.97 mg/m3 Prescribed Standard : 4.00 mg/m3, ,
Ammonia,10/07/2015,12:00:00,6.13,µg/m3,7.73 µg/m3, ,
Ozone,10/07/2015,12:00:00,61.66,µg/m3,56.44 µg/m3, ,
PM2.5,10/07/2015,12:00:00,56.82,µg/m3,80.46 µg/m3 Data under scrutiney Prescribed Standard : 60.00 µg/m3, ,
PM10,10/07/2015,12:00:00,1.05,µg/m3,1.05 µg/m3 Prescribed Standard : 100.00 µg/m3, ,
Benzene,10/07/2015,12:00:00,5.89,µg/m3,4.90 µg/m3, ,
Toluene,10/07/2015,12:00:00,28.73,µg/m3,31.36 µg/m3, ,
Xylene,10/07/2015,12:00:00,18.35,µg/m3,18.80 µg/m3, ,
Temperature,10/07/2015,12:00:00,27.58,°C,29.72 °C, ,
Relative Humidity,10/07/2015,12:00:00,48.49,%RH,42.92 %RH, ,
Wind Speed,10/07/2015,12:00:00,1.81,m/s,1.53 m/s, ,
Wind Direction,10/07/2015,12:00:00,337.38,deg,196.09 deg, ,
Bar Pressure,10/07/2015,12:00:00,972.02,mmHg,970.80 mmHg, ,
* Prescribed Standard for CO and OZONE is one hourly Average,
Nitric Oxide,10/07/2015,12:00:00,31.13,µg/m3,30.13 µg/m3, ,
Nitrogen Dioxide,10/07/2015,12:00:00,39.18,µg/m3,42.18 µg/m3 Prescribed Standard : 80.00 µg/m3, ,
Sulfur Dioxide,10/07/2015,12:00:00,8.66,µg/m3,7.33 µg/m3 Prescribed Standard : 80.00 µg/m3, ,
Carbon Monoxide,10/07/2015,12:00:00,0.91,mg/m3,0.97 mg/m3 Prescribed Standard : 4.00 mg/m3, ,
Ammonia,10/07/2015,12:00:00,6.13,µg/m3,7.73 µg/m3, ,
Ozone,10/07/2015,12:00:00,61.66,µg/m3,56.44 µg/m3, ,
PM2.5,10/07/2015,12:00:00,56.82,µg/m3,80.46 µg/m3 Data under scrutiney Prescribed Standard : 60.00 µg/m3, ,
PM10,10/07/2015,12:00:00,1.05,µg/m3,1.05 µg/m3 Prescribed Standard : 100.00 µg/m3, ,
Benzene,10/07/2015,12:00:00,5.89,µg/m3,4.90 µg/m3, ,
Toluene,10/07/2015,12:00:00,28.73,µg/m3,31.36 µg/m3, ,
Xylene,10/07/2015,12:00:00,18.35,µg/m3,18.80 µg/m3, ,
Temperature,10/07/2015,12:00:00,27.58,°C,29.72 °C, ,
Relative Humidity,10/07/2015,12:00:00,48.49,%RH,42.92 %RH, ,
Wind Speed,10/07/2015,12:00:00,1.81,m/s,1.53 m/s, ,
Wind Direction,10/07/2015,12:00:00,337.38,deg,196.09 deg, ,
Bar Pressure,10/07/2015,12:00:00,972.02,mmHg,970.80 mmHg, ,
* Prescribed Standard for CO and OZONE is one hourly Average,
Nitric Oxide,10/07/2015,12:00:00,31.13,µg/m3,30.13 µg/m3, ,
Nitrogen Dioxide,10/07/2015,12:00:00,39.18,µg/m3,42.18 µg/m3 Prescribed Standard : 80.00 µg/m3, ,
Sulfur Dioxide,10/07/2015,12:00:00,8.66,µg/m3,7.33 µg/m3 Prescribed Standard : 80.00 µg/m3, ,
Carbon Monoxide,10/07/2015,12:00:00,0.91,mg/m3,0.97 mg/m3 Prescribed Standard : 4.00 mg/m3, ,
Ammonia,10/07/2015,12:00:00,6.13,µg/m3,7.73 µg/m3, ,
Ozone,10/07/2015,12:00:00,61.66,µg/m3,56.44 µg/m3, ,
PM2.5,10/07/2015,12:00:00,56.82,µg/m3,80.46 µg/m3 Data under scrutiney Prescribed Standard : 60.00 µg/m3, ,
PM10,10/07/2015,12:00:00,1.05,µg/m3,1.05 µg/m3 Prescribed Standard : 100.00 µg/m3, ,
Benzene,10/07/2015,12:00:00,5.89,µg/m3,4.90 µg/m3, ,
Toluene,10/07/2015,12:00:00,28.73,µg/m3,31.36 µg/m3, ,
Xylene,10/07/2015,12:00:00,18.35,µg/m3,18.80 µg/m3, ,
Temperature,10/07/2015,12:00:00,27.58,°C,29.72 °C, ,
Relative Humidity,10/07/2015,12:00:00,48.49,%RH,42.92 %RH, ,
Wind Speed,10/07/2015,12:00:00,1.81,m/s,1.53 m/s, ,
Wind Direction,10/07/2015,12:00:00,337.38,deg,196.09 deg, ,
Bar Pressure,10/07/2015,12:00:00,972.02,mmHg,970.80 mmHg, ,
* Prescribed Standard for CO and OZONE is one hourly Average,
Nitric Oxide,10/07/2015,12:00:00,31.13,µg/m3,30.13 µg/m3, ,
Nitrogen Dioxide,10/07/2015,12:00:00,39.18,µg/m3,42.18 µg/m3 Prescribed Standard : 80.00 µg/m3, ,
Sulfur Dioxide,10/07/2015,12:00:00,8.66,µg/m3,7.33 µg/m3 Prescribed Standard : 80.00 µg/m3, ,
Carbon Monoxide,10/07/2015,12:00:00,0.91,mg/m3,0.97 mg/m3 Prescribed Standard : 4.00 mg/m3, ,
Ammonia,10/07/2015,12:00:00,6.13,µg/m3,7.73 µg/m3, ,
Ozone,10/07/2015,12:00:00,61.66,µg/m3,56.44 µg/m3, ,
PM2.5,10/07/2015,12:00:00,56.82,µg/m3,80.46 µg/m3 Data under scrutiney Prescribed Standard : 60.00 µg/m3, ,
PM10,10/07/2015,12:00:00,1.05,µg/m3,1.05 µg/m3 Prescribed Standard : 100.00 µg/m3, ,
Benzene,10/07/2015,12:00:00,5.89,µg/m3,4.90 µg/m3, ,
Toluene,10/07/2015,12:00:00,28.73,µg/m3,31.36 µg/m3, ,
Xylene,10/07/2015,12:00:00,18.35,µg/m3,18.80 µg/m3, ,
Temperature,10/07/2015,12:00:00,27.58,°C,29.72 °C, ,
Relative Humidity,10/07/2015,12:00:00,48.49,%RH,42.92 %RH, ,
Wind Speed,10/07/2015,12:00:00,1.81,m/s,1.53 m/s, ,
Wind Direction,10/07/2015,12:00:00,337.38,deg,196.09 deg, ,
Bar Pressure,10/07/2015,12:00:00,972.02,mmHg,970.80 mmHg, ,
* Prescribed Standard for CO and OZONE is one hourly Average,
Nitric Oxide,10/07/2015,12:00:00,31.13,µg/m3,30.13 µg/m3, ,
Nitrogen Dioxide,10/07/2015,12:00:00,39.18,µg/m3,42.18 µg/m3 Prescribed Standard : 80.00 µg/m3, ,
Sulfur Dioxide,10/07/2015,12:00:00,8.66,µg/m3,7.33 µg/m3 Prescribed Standard : 80.00 µg/m3, ,
Carbon Monoxide,10/07/2015,12:00:00,0.91,mg/m3,0.97 mg/m3 Prescribed Standard : 4.00 mg/m3, ,
Ammonia,10/07/2015,12:00:00,6.13,µg/m3,7.73 µg/m3, ,
Ozone,10/07/2015,12:00:00,61.66,µg/m3,56.44 µg/m3, ,
PM2.5,10/07/2015,12:00:00,56.82,µg/m3,80.46 µg/m3 Data under scrutiney Prescribed Standard : 60.00 µg/m3, ,
PM10,10/07/2015,12:00:00,1.05,µg/m3,1.05 µg/m3 Prescribed Standard : 100.00 µg/m3, ,
Benzene,10/07/2015,12:00:00,5.89,µg/m3,4.90 µg/m3, ,
Toluene,10/07/2015,12:00:00,28.73,µg/m3,31.36 µg/m3, ,
Xylene,10/07/2015,12:00:00,18.35,µg/m3,18.80 µg/m3, ,
Temperature,10/07/2015,12:00:00,27.58,°C,29.72 °C, ,
Relative Humidity,10/07/2015,12:00:00,48.49,%RH,42.92 %RH, ,
Wind Speed,10/07/2015,12:00:00,1.81,m/s,1.53 m/s, ,
Wind Direction,10/07/2015,12:00:00,337.38,deg,196.09 deg, ,
Bar Pressure,10/07/2015,12:00:00,972.02,mmHg,970.80 mmHg, ,
* Prescribed Standard for CO and OZONE is one hourly Average,
Nitric Oxide,10/07/2015,12:00:00,31.13,µg/m3,30.13 µg/m3, ,
Nitrogen Dioxide,10/07/2015,12:00:00,39.18,µg/m3,42.18 µg/m3 Prescribed Standard : 80.00 µg/m3, ,
Sulfur Dioxide,10/07/2015,12:00:00,8.66,µg/m3,7.33 µg/m3 Prescribed Standard : 80.00 µg/m3, ,
Carbon Monoxide,10/07/2015,12:00:00,0.91,mg/m3,0.97 mg/m3 Prescribed Standard : 4.00 mg/m3, ,
Ammonia,10/07/2015,12:00:00,6.13,µg/m3,7.73 µg/m3, ,
Ozone,10/07/2015,12:00:00,61.66,µg/m3,56.44 µg/m3, ,
PM2.5,10/07/2015,12:00:00,56.82,µg/m3,80.46 µg/m3 Data under scrutiney Prescribed Standard : 60.00 µg/m3, ,
PM10,10/07/2015,12:00:00,1.05,µg/m3,1.05 µg/m3 Prescribed Standard : 100.00 µg/m3, ,
Benzene,10/07/2015,12:00:00,5.89,µg/m3,4.90 µg/m3, ,
Toluene,10/07/2015,12:00:00,28.73,µg/m3,31.36 µg/m3, ,
Xylene,10/07/2015,12:00:00,18.35,µg/m3,18.80 µg/m3, ,
Temperature,10/07/2015,12:00:00,27.58,°C,29.72 °C, ,
Relative Humidity,10/07/2015,12:00:00,48.49,%RH,42.92 %RH, ,
Wind Speed,10/07/2015,12:00:00,1.81,m/s,1.53 m/s, ,
Wind Direction,10/07/2015,12:00:00,337.38,deg,196.09 deg, ,
Bar Pressure,10/07/2015,12:00:00,972.02,mmHg,970.80 mmHg, ,
* Prescribed Standard for CO and OZONE is one hourly Average,
Nitric Oxide,10/07/2015,12:00:00,31.13,µg/m3,30.13 µg/m3, ,
Nitrogen Dioxide,10/07/2015,12:00:00,39.18,µg/m3,42.18 µg/m3 Prescribed Standard : 80.00 µg/m3, ,
Sulfur Dioxide,10/07/2015,12:00:00,8.66,µg/m3,7.33 µg/m3 Prescribed Standard : 80.00 µg/m3, ,
Carbon Monoxide,10/07/2015,12:00:00,0.91,mg/m3,0.97 mg/m3 Prescribed Standard : 4.00 mg/m3, ,
Ammonia,10/07/2015,12:00:00,6.13,µg/m3,7.73 µg/m3, ,
Ozone,10/07/2015,12:00:00,61.66,µg/m3,56.44 µg/m3, ,
PM2.5,10/07/2015,12:00:00,56.82,µg/m3,80.46 µg/m3 Data under scrutiney Prescribed Standard : 60.00 µg/m3, ,
PM10,10/07/2015,12:00:00,1.05,µg/m3,1.05 µg/m3 Prescribed Standard : 100.00 µg/m3, ,
Benzene,10/07/2015,12:00:00,5.89,µg/m3,4.90 µg/m3, ,
Toluene,10/07/2015,12:00:00,28.73,µg/m3,31.36 µg/m3, ,
Xylene,10/07/2015,12:00:00,18.35,µg/m3,18.80 µg/m3, ,
Temperature,10/07/2015,12:00:00,27.58,°C,29.72 °C, ,
Relative Humidity,10/07/2015,12:00:00,48.49,%RH,42.92 %RH, ,
Wind Speed,10/07/2015,12:00:00,1.81,m/s,1.53 m/s, ,
Wind Direction,10/07/2015,12:00:00,337.38,deg,196.09 deg, ,
Bar Pressure,10/07/2015,12:00:00,972.02,mmHg,970.80 mmHg, ,
* Prescribed Standard for CO and OZONE is one hourly Average,
















