
Nitric Oxide,22/04/2016,14:00:00,5.01,µg/m3,3.22 µg/m3, ,
Oxides of Nitrogen,22/04/2016,14:00:00,11.18,ppb,24.15 ppb, ,
Sulfur Dioxide,22/04/2016,14:00:00,9.15,µg/m3,11.74 µg/m3 Prescribed Standard : 80.00 µg/m3, ,
Carbon Monoxide,22/04/2016,14:00:00,0.50,mg/m3,0.58 mg/m3 Prescribed Standard : 4.00 mg/m3, ,
Ammonia,22/04/2016,14:00:00,13.30,µg/m3,13.34 µg/m3 Prescribed Standard : 400.00 µg/m3, ,
PM 2.5,22/04/2016,14:00:00,94.62,µg/m3,111.56 µg/m3, ,
Methane,22/04/2016,14:00:00,748.06,µg/m3,--- Data under scrutiney, ,
Non Methane Hydro Carbon,22/04/2016,14:00:00,234.57,µg/m3,259.03 µg/m3, ,
Total Hydrocarbon,22/04/2016,14:00:00,982.62,µg/m3,1,287.29 µg/m3, ,
Ambient Temperature,22/04/2016,14:00:00,41.11,°C,36.21 °C, ,
Relative Humidity,22/04/2016,14:00:00,11.66,%,15.67 %, ,
Wind Speed,22/04/2016,14:00:00,0.84,m/s,1.04 m/s, ,
Wind Direction,22/04/2016,14:00:00,141.75,°,230.72 °, ,
Vertical Wind Speed,22/04/2016,14:00:00,0.25,m/s,0.27 m/s, ,
Solar Radiation,22/04/2016,14:00:00,853.84,W/m2,266.66 W/m2, ,
Bar Pressure,22/04/2016,14:00:00,753.53,mmHg,754.03 mmHg, ,
* Prescribed Standard for CO and OZONE is one hourly Average,
Nitric Oxide,22/04/2016,14:00:00,5.01,µg/m3,3.22 µg/m3, ,
Oxides of Nitrogen,22/04/2016,14:00:00,11.18,ppb,24.15 ppb, ,
Sulfur Dioxide,22/04/2016,14:00:00,9.15,µg/m3,11.74 µg/m3 Prescribed Standard : 80.00 µg/m3, ,
Carbon Monoxide,22/04/2016,14:00:00,0.50,mg/m3,0.58 mg/m3 Prescribed Standard : 4.00 mg/m3, ,
Ammonia,22/04/2016,14:00:00,13.30,µg/m3,13.34 µg/m3 Prescribed Standard : 400.00 µg/m3, ,
PM 2.5,22/04/2016,14:00:00,94.62,µg/m3,111.56 µg/m3, ,
Methane,22/04/2016,14:00:00,748.06,µg/m3,--- Data under scrutiney, ,
Non Methane Hydro Carbon,22/04/2016,14:00:00,234.57,µg/m3,259.03 µg/m3, ,
Total Hydrocarbon,22/04/2016,14:00:00,982.62,µg/m3,1,287.29 µg/m3, ,
Ambient Temperature,22/04/2016,14:00:00,41.11,°C,36.21 °C, ,
Relative Humidity,22/04/2016,14:00:00,11.66,%,15.67 %, ,
Wind Speed,22/04/2016,14:00:00,0.84,m/s,1.04 m/s, ,
Wind Direction,22/04/2016,14:00:00,141.75,°,230.72 °, ,
Vertical Wind Speed,22/04/2016,14:00:00,0.25,m/s,0.27 m/s, ,
Solar Radiation,22/04/2016,14:00:00,853.84,W/m2,266.66 W/m2, ,
Bar Pressure,22/04/2016,14:00:00,753.53,mmHg,754.03 mmHg, ,
* Prescribed Standard for CO and OZONE is one hourly Average,
Nitric Oxide,22/04/2016,14:00:00,5.01,µg/m3,3.22 µg/m3, ,
Oxides of Nitrogen,22/04/2016,14:00:00,11.18,ppb,24.15 ppb, ,
Sulfur Dioxide,22/04/2016,14:00:00,9.15,µg/m3,11.74 µg/m3 Prescribed Standard : 80.00 µg/m3, ,
Carbon Monoxide,22/04/2016,14:00:00,0.50,mg/m3,0.58 mg/m3 Prescribed Standard : 4.00 mg/m3, ,
Ammonia,22/04/2016,14:00:00,13.30,µg/m3,13.34 µg/m3 Prescribed Standard : 400.00 µg/m3, ,
PM 2.5,22/04/2016,14:00:00,94.62,µg/m3,111.56 µg/m3, ,
Methane,22/04/2016,14:00:00,748.06,µg/m3,--- Data under scrutiney, ,
Non Methane Hydro Carbon,22/04/2016,14:00:00,234.57,µg/m3,259.03 µg/m3, ,
Total Hydrocarbon,22/04/2016,14:00:00,982.62,µg/m3,1,287.29 µg/m3, ,
Ambient Temperature,22/04/2016,14:00:00,41.11,°C,36.21 °C, ,
Relative Humidity,22/04/2016,14:00:00,11.66,%,15.67 %, ,
Wind Speed,22/04/2016,14:00:00,0.84,m/s,1.04 m/s, ,
Wind Direction,22/04/2016,14:00:00,141.75,°,230.72 °, ,
Vertical Wind Speed,22/04/2016,14:00:00,0.25,m/s,0.27 m/s, ,
Solar Radiation,22/04/2016,14:00:00,853.84,W/m2,266.66 W/m2, ,
Bar Pressure,22/04/2016,14:00:00,753.53,mmHg,754.03 mmHg, ,
* Prescribed Standard for CO and OZONE is one hourly Average,
Nitric Oxide,22/04/2016,14:00:00,5.01,µg/m3,3.22 µg/m3, ,
Oxides of Nitrogen,22/04/2016,14:00:00,11.18,ppb,24.15 ppb, ,
Sulfur Dioxide,22/04/2016,14:00:00,9.15,µg/m3,11.74 µg/m3 Prescribed Standard : 80.00 µg/m3, ,
Carbon Monoxide,22/04/2016,14:00:00,0.50,mg/m3,0.58 mg/m3 Prescribed Standard : 4.00 mg/m3, ,
Ammonia,22/04/2016,14:00:00,13.30,µg/m3,13.34 µg/m3 Prescribed Standard : 400.00 µg/m3, ,
PM 2.5,22/04/2016,14:00:00,94.62,µg/m3,111.56 µg/m3, ,
Methane,22/04/2016,14:00:00,748.06,µg/m3,--- Data under scrutiney, ,
Non Methane Hydro Carbon,22/04/2016,14:00:00,234.57,µg/m3,259.03 µg/m3, ,
Total Hydrocarbon,22/04/2016,14:00:00,982.62,µg/m3,1,287.29 µg/m3, ,
Ambient Temperature,22/04/2016,14:00:00,41.11,°C,36.21 °C, ,
Relative Humidity,22/04/2016,14:00:00,11.66,%,15.67 %, ,
Wind Speed,22/04/2016,14:00:00,0.84,m/s,1.04 m/s, ,
Wind Direction,22/04/2016,14:00:00,141.75,°,230.72 °, ,
Vertical Wind Speed,22/04/2016,14:00:00,0.25,m/s,0.27 m/s, ,
Solar Radiation,22/04/2016,14:00:00,853.84,W/m2,266.66 W/m2, ,
Bar Pressure,22/04/2016,14:00:00,753.53,mmHg,754.03 mmHg, ,
* Prescribed Standard for CO and OZONE is one hourly Average,
Nitric Oxide,22/04/2016,14:00:00,5.01,µg/m3,3.22 µg/m3, ,
Oxides of Nitrogen,22/04/2016,14:00:00,11.18,ppb,24.15 ppb, ,
Sulfur Dioxide,22/04/2016,14:00:00,9.15,µg/m3,11.74 µg/m3 Prescribed Standard : 80.00 µg/m3, ,
Carbon Monoxide,22/04/2016,14:00:00,0.50,mg/m3,0.58 mg/m3 Prescribed Standard : 4.00 mg/m3, ,
Ammonia,22/04/2016,14:00:00,13.30,µg/m3,13.34 µg/m3 Prescribed Standard : 400.00 µg/m3, ,
PM 2.5,22/04/2016,14:00:00,94.62,µg/m3,111.56 µg/m3, ,
Methane,22/04/2016,14:00:00,748.06,µg/m3,--- Data under scrutiney, ,
Non Methane Hydro Carbon,22/04/2016,14:00:00,234.57,µg/m3,259.03 µg/m3, ,
Total Hydrocarbon,22/04/2016,14:00:00,982.62,µg/m3,1,287.29 µg/m3, ,
Ambient Temperature,22/04/2016,14:00:00,41.11,°C,36.21 °C, ,
Relative Humidity,22/04/2016,14:00:00,11.66,%,15.67 %, ,
Wind Speed,22/04/2016,14:00:00,0.84,m/s,1.04 m/s, ,
Wind Direction,22/04/2016,14:00:00,141.75,°,230.72 °, ,
Vertical Wind Speed,22/04/2016,14:00:00,0.25,m/s,0.27 m/s, ,
Solar Radiation,22/04/2016,14:00:00,853.84,W/m2,266.66 W/m2, ,
Bar Pressure,22/04/2016,14:00:00,753.53,mmHg,754.03 mmHg, ,
* Prescribed Standard for CO and OZONE is one hourly Average,
Nitric Oxide,22/04/2016,14:00:00,5.01,µg/m3,3.22 µg/m3, ,
Oxides of Nitrogen,22/04/2016,14:00:00,11.18,ppb,24.15 ppb, ,
Sulfur Dioxide,22/04/2016,14:00:00,9.15,µg/m3,11.74 µg/m3 Prescribed Standard : 80.00 µg/m3, ,
Carbon Monoxide,22/04/2016,14:00:00,0.50,mg/m3,0.58 mg/m3 Prescribed Standard : 4.00 mg/m3, ,
Ammonia,22/04/2016,14:00:00,13.30,µg/m3,13.34 µg/m3 Prescribed Standard : 400.00 µg/m3, ,
PM 2.5,22/04/2016,14:00:00,94.62,µg/m3,111.56 µg/m3, ,
Methane,22/04/2016,14:00:00,748.06,µg/m3,--- Data under scrutiney, ,
Non Methane Hydro Carbon,22/04/2016,14:00:00,234.57,µg/m3,259.03 µg/m3, ,
Total Hydrocarbon,22/04/2016,14:00:00,982.62,µg/m3,1,287.29 µg/m3, ,
Ambient Temperature,22/04/2016,14:00:00,41.11,°C,36.21 °C, ,
Relative Humidity,22/04/2016,14:00:00,11.66,%,15.67 %, ,
Wind Speed,22/04/2016,14:00:00,0.84,m/s,1.04 m/s, ,
Wind Direction,22/04/2016,14:00:00,141.75,°,230.72 °, ,
Vertical Wind Speed,22/04/2016,14:00:00,0.25,m/s,0.27 m/s, ,
Solar Radiation,22/04/2016,14:00:00,853.84,W/m2,266.66 W/m2, ,
Bar Pressure,22/04/2016,14:00:00,753.53,mmHg,754.03 mmHg, ,
* Prescribed Standard for CO and OZONE is one hourly Average,
Nitric Oxide,22/04/2016,14:00:00,5.01,µg/m3,3.22 µg/m3, ,
Oxides of Nitrogen,22/04/2016,14:00:00,11.18,ppb,24.15 ppb, ,
Sulfur Dioxide,22/04/2016,14:00:00,9.15,µg/m3,11.74 µg/m3 Prescribed Standard : 80.00 µg/m3, ,
Carbon Monoxide,22/04/2016,14:00:00,0.50,mg/m3,0.58 mg/m3 Prescribed Standard : 4.00 mg/m3, ,
Ammonia,22/04/2016,14:00:00,13.30,µg/m3,13.34 µg/m3 Prescribed Standard : 400.00 µg/m3, ,
PM 2.5,22/04/2016,14:00:00,94.62,µg/m3,111.56 µg/m3, ,
Methane,22/04/2016,14:00:00,748.06,µg/m3,--- Data under scrutiney, ,
Non Methane Hydro Carbon,22/04/2016,14:00:00,234.57,µg/m3,259.03 µg/m3, ,
Total Hydrocarbon,22/04/2016,14:00:00,982.62,µg/m3,1,287.29 µg/m3, ,
Ambient Temperature,22/04/2016,14:00:00,41.11,°C,36.21 °C, ,
Relative Humidity,22/04/2016,14:00:00,11.66,%,15.67 %, ,
Wind Speed,22/04/2016,14:00:00,0.84,m/s,1.04 m/s, ,
Wind Direction,22/04/2016,14:00:00,141.75,°,230.72 °, ,
Vertical Wind Speed,22/04/2016,14:00:00,0.25,m/s,0.27 m/s, ,
Solar Radiation,22/04/2016,14:00:00,853.84,W/m2,266.66 W/m2, ,
Bar Pressure,22/04/2016,14:00:00,753.53,mmHg,754.03 mmHg, ,
* Prescribed Standard for CO and OZONE is one hourly Average,
Nitric Oxide,22/04/2016,14:00:00,5.01,µg/m3,3.22 µg/m3, ,
Oxides of Nitrogen,22/04/2016,14:00:00,11.18,ppb,24.15 ppb, ,
Sulfur Dioxide,22/04/2016,14:00:00,9.15,µg/m3,11.74 µg/m3 Prescribed Standard : 80.00 µg/m3, ,
Carbon Monoxide,22/04/2016,14:00:00,0.50,mg/m3,0.58 mg/m3 Prescribed Standard : 4.00 mg/m3, ,
Ammonia,22/04/2016,14:00:00,13.30,µg/m3,13.34 µg/m3 Prescribed Standard : 400.00 µg/m3, ,
PM 2.5,22/04/2016,14:00:00,94.62,µg/m3,111.56 µg/m3, ,
Methane,22/04/2016,14:00:00,748.06,µg/m3,--- Data under scrutiney, ,
Non Methane Hydro Carbon,22/04/2016,14:00:00,234.57,µg/m3,259.03 µg/m3, ,
Total Hydrocarbon,22/04/2016,14:00:00,982.62,µg/m3,1,287.29 µg/m3, ,
Ambient Temperature,22/04/2016,14:00:00,41.11,°C,36.21 °C, ,
Relative Humidity,22/04/2016,14:00:00,11.66,%,15.67 %, ,
Wind Speed,22/04/2016,14:00:00,0.84,m/s,1.04 m/s, ,
Wind Direction,22/04/2016,14:00:00,141.75,°,230.72 °, ,
Vertical Wind Speed,22/04/2016,14:00:00,0.25,m/s,0.27 m/s, ,
Solar Radiation,22/04/2016,14:00:00,853.84,W/m2,266.66 W/m2, ,
Bar Pressure,22/04/2016,14:00:00,753.53,mmHg,754.03 mmHg, ,
* Prescribed Standard for CO and OZONE is one hourly Average,
















