
Nitric Oxide,24/04/2016,00:00:00,2.30,µg/m3,30.67 µg/m3, ,
Nitrogen Dioxide,24/04/2016,00:00:00,74.10,µg/m3,54.85 µg/m3 Prescribed Standard : 80.00 µg/m3, ,
Oxides of Nitrogen,24/04/2016,00:00:00,69.20,ppb,73.84 ppb, ,
Carbon Monoxide,24/04/2016,00:00:00,1.40,mg/m3,1.22 mg/m3 Prescribed Standard : 4.00 mg/m3, ,
Ammonia,24/04/2016,00:00:00,10.90,µg/m³,13.96 µg/m³, ,
PM2.5,24/04/2016,00:00:00,93.00,µg/m3,78.89 µg/m3 Data under scrutiney Prescribed Standard : 60.00 µg/m3, ,
PM10,24/04/2016,00:00:00,283.00,µg/m3,220.63 µg/m3 Data under scrutiney Prescribed Standard : 100.00 µg/m3, ,
Benzene,24/04/2016,00:00:00,NA, ,--- Data under scrutiney, ,
Toluene,24/04/2016,00:00:00,8.10,µg/m³,7.93 µg/m³, ,
Ambient Temperature,24/04/2016,00:00:00,22.60,°C,27.13 °C, ,
Relative Humidity,24/04/2016,00:00:00,23.00,%,19.22 %, ,
Wind Speed,24/04/2016,00:00:00,0.30,m/s,1.25 m/s, ,
Wind Direction,24/04/2016,00:00:00,334.00,deg,245.00 deg, ,
Solar Radiation,24/04/2016,00:00:00,17.00,w/m2,149.49 w/m2, ,
Bar Pressure,24/04/2016,00:00:00,735.00,millibar,735.37 millibar, ,
* Prescribed Standard for CO and OZONE is one hourly Average,
Nitric Oxide,24/04/2016,00:00:00,2.30,µg/m3,30.67 µg/m3, ,
Nitrogen Dioxide,24/04/2016,00:00:00,74.10,µg/m3,54.85 µg/m3 Prescribed Standard : 80.00 µg/m3, ,
Oxides of Nitrogen,24/04/2016,00:00:00,69.20,ppb,73.84 ppb, ,
Carbon Monoxide,24/04/2016,00:00:00,1.40,mg/m3,1.22 mg/m3 Prescribed Standard : 4.00 mg/m3, ,
Ammonia,24/04/2016,00:00:00,10.90,µg/m³,13.96 µg/m³, ,
PM2.5,24/04/2016,00:00:00,93.00,µg/m3,78.89 µg/m3 Data under scrutiney Prescribed Standard : 60.00 µg/m3, ,
PM10,24/04/2016,00:00:00,283.00,µg/m3,220.63 µg/m3 Data under scrutiney Prescribed Standard : 100.00 µg/m3, ,
Benzene,24/04/2016,00:00:00,NA, ,--- Data under scrutiney, ,
Toluene,24/04/2016,00:00:00,8.10,µg/m³,7.93 µg/m³, ,
Ambient Temperature,24/04/2016,00:00:00,22.60,°C,27.13 °C, ,
Relative Humidity,24/04/2016,00:00:00,23.00,%,19.22 %, ,
Wind Speed,24/04/2016,00:00:00,0.30,m/s,1.25 m/s, ,
Wind Direction,24/04/2016,00:00:00,334.00,deg,245.00 deg, ,
Solar Radiation,24/04/2016,00:00:00,17.00,w/m2,149.49 w/m2, ,
Bar Pressure,24/04/2016,00:00:00,735.00,millibar,735.37 millibar, ,
* Prescribed Standard for CO and OZONE is one hourly Average,
Nitric Oxide,24/04/2016,00:00:00,2.30,µg/m3,30.67 µg/m3, ,
Nitrogen Dioxide,24/04/2016,00:00:00,74.10,µg/m3,54.85 µg/m3 Prescribed Standard : 80.00 µg/m3, ,
Oxides of Nitrogen,24/04/2016,00:00:00,69.20,ppb,73.84 ppb, ,
Carbon Monoxide,24/04/2016,00:00:00,1.40,mg/m3,1.22 mg/m3 Prescribed Standard : 4.00 mg/m3, ,
Ammonia,24/04/2016,00:00:00,10.90,µg/m³,13.96 µg/m³, ,
PM2.5,24/04/2016,00:00:00,93.00,µg/m3,78.89 µg/m3 Data under scrutiney Prescribed Standard : 60.00 µg/m3, ,
PM10,24/04/2016,00:00:00,283.00,µg/m3,220.63 µg/m3 Data under scrutiney Prescribed Standard : 100.00 µg/m3, ,
Benzene,24/04/2016,00:00:00,NA, ,--- Data under scrutiney, ,
Toluene,24/04/2016,00:00:00,8.10,µg/m³,7.93 µg/m³, ,
Ambient Temperature,24/04/2016,00:00:00,22.60,°C,27.13 °C, ,
Relative Humidity,24/04/2016,00:00:00,23.00,%,19.22 %, ,
Wind Speed,24/04/2016,00:00:00,0.30,m/s,1.25 m/s, ,
Wind Direction,24/04/2016,00:00:00,334.00,deg,245.00 deg, ,
Solar Radiation,24/04/2016,00:00:00,17.00,w/m2,149.49 w/m2, ,
Bar Pressure,24/04/2016,00:00:00,735.00,millibar,735.37 millibar, ,
* Prescribed Standard for CO and OZONE is one hourly Average,
Nitric Oxide,24/04/2016,00:00:00,2.30,µg/m3,30.67 µg/m3, ,
Nitrogen Dioxide,24/04/2016,00:00:00,74.10,µg/m3,54.85 µg/m3 Prescribed Standard : 80.00 µg/m3, ,
Oxides of Nitrogen,24/04/2016,00:00:00,69.20,ppb,73.84 ppb, ,
Carbon Monoxide,24/04/2016,00:00:00,1.40,mg/m3,1.22 mg/m3 Prescribed Standard : 4.00 mg/m3, ,
Ammonia,24/04/2016,00:00:00,10.90,µg/m³,13.96 µg/m³, ,
PM2.5,24/04/2016,00:00:00,93.00,µg/m3,78.89 µg/m3 Data under scrutiney Prescribed Standard : 60.00 µg/m3, ,
PM10,24/04/2016,00:00:00,283.00,µg/m3,220.63 µg/m3 Data under scrutiney Prescribed Standard : 100.00 µg/m3, ,
Benzene,24/04/2016,00:00:00,NA, ,--- Data under scrutiney, ,
Toluene,24/04/2016,00:00:00,8.10,µg/m³,7.93 µg/m³, ,
Ambient Temperature,24/04/2016,00:00:00,22.60,°C,27.13 °C, ,
Relative Humidity,24/04/2016,00:00:00,23.00,%,19.22 %, ,
Wind Speed,24/04/2016,00:00:00,0.30,m/s,1.25 m/s, ,
Wind Direction,24/04/2016,00:00:00,334.00,deg,245.00 deg, ,
Solar Radiation,24/04/2016,00:00:00,17.00,w/m2,149.49 w/m2, ,
Bar Pressure,24/04/2016,00:00:00,735.00,millibar,735.37 millibar, ,
* Prescribed Standard for CO and OZONE is one hourly Average,
Nitric Oxide,25/04/2016,00:30:00,NA, ,30.36, ,
Nitrogen Dioxide,25/04/2016,00:30:00,62.20,µg/m3,54.53 µg/m3 Prescribed Standard : 80.00 µg/m3, ,
Oxides of Nitrogen,25/04/2016,00:30:00,56.20,ppb,73.29 ppb, ,
Sulfur Dioxide,25/04/2016,00:30:00,81.80,µg/m3,41.09 µg/m3 Prescribed Standard : 80.00 µg/m3, ,
Carbon Monoxide,25/04/2016,00:30:00,1.20,mg/m3,1.21 mg/m3 Prescribed Standard : 4.00 mg/m3, ,
Ammonia,25/04/2016,00:30:00,11.60,µg/m³,14.03 µg/m³, ,
PM2.5,25/04/2016,00:30:00,93.00,µg/m3,79.44 µg/m3 Data under scrutiney Prescribed Standard : 60.00 µg/m3, ,
PM10,25/04/2016,00:30:00,283.00,µg/m3,221.49 µg/m3 Data under scrutiney Prescribed Standard : 100.00 µg/m3, ,
Benzene,25/04/2016,00:30:00,NA, ,--- Data under scrutiney, ,
Toluene,25/04/2016,00:30:00,5.80,µg/m³,7.78 µg/m³, ,
Ambient Temperature,25/04/2016,00:30:00,21.70,°C,27.17 °C, ,
Relative Humidity,25/04/2016,00:30:00,24.00,%,19.20 %, ,
Wind Speed,25/04/2016,00:30:00,0.40,m/s,1.25 m/s, ,
Wind Direction,25/04/2016,00:30:00,225.00,deg,244.77 deg, ,
Solar Radiation,25/04/2016,00:30:00,17.00,w/m2,149.49 w/m2, ,
Bar Pressure,25/04/2016,00:30:00,736.00,millibar,735.35 millibar, ,
* Prescribed Standard for CO and OZONE is one hourly Average,
Nitric Oxide,25/04/2016,00:30:00,NA, ,30.36, ,
Nitrogen Dioxide,25/04/2016,00:30:00,62.20,µg/m3,54.53 µg/m3 Prescribed Standard : 80.00 µg/m3, ,
Oxides of Nitrogen,25/04/2016,00:30:00,56.20,ppb,73.29 ppb, ,
Sulfur Dioxide,25/04/2016,00:30:00,81.80,µg/m3,41.09 µg/m3 Prescribed Standard : 80.00 µg/m3, ,
Carbon Monoxide,25/04/2016,00:30:00,1.20,mg/m3,1.21 mg/m3 Prescribed Standard : 4.00 mg/m3, ,
Ammonia,25/04/2016,00:30:00,11.60,µg/m³,14.03 µg/m³, ,
PM2.5,25/04/2016,00:30:00,93.00,µg/m3,79.44 µg/m3 Data under scrutiney Prescribed Standard : 60.00 µg/m3, ,
PM10,25/04/2016,00:30:00,283.00,µg/m3,221.49 µg/m3 Data under scrutiney Prescribed Standard : 100.00 µg/m3, ,
Benzene,25/04/2016,00:30:00,NA, ,--- Data under scrutiney, ,
Toluene,25/04/2016,00:30:00,5.80,µg/m³,7.78 µg/m³, ,
Ambient Temperature,25/04/2016,00:30:00,21.70,°C,27.17 °C, ,
Relative Humidity,25/04/2016,00:30:00,24.00,%,19.20 %, ,
Wind Speed,25/04/2016,00:30:00,0.40,m/s,1.25 m/s, ,
Wind Direction,25/04/2016,00:30:00,225.00,deg,244.77 deg, ,
Solar Radiation,25/04/2016,00:30:00,17.00,w/m2,149.49 w/m2, ,
Bar Pressure,25/04/2016,00:30:00,736.00,millibar,735.35 millibar, ,
* Prescribed Standard for CO and OZONE is one hourly Average,
Nitric Oxide,25/04/2016,00:30:00,NA, ,30.36, ,
Nitrogen Dioxide,25/04/2016,00:30:00,62.20,µg/m3,54.53 µg/m3 Prescribed Standard : 80.00 µg/m3, ,
Oxides of Nitrogen,25/04/2016,00:30:00,56.20,ppb,73.29 ppb, ,
Sulfur Dioxide,25/04/2016,00:30:00,81.80,µg/m3,41.09 µg/m3 Prescribed Standard : 80.00 µg/m3, ,
Carbon Monoxide,25/04/2016,00:30:00,1.20,mg/m3,1.21 mg/m3 Prescribed Standard : 4.00 mg/m3, ,
Ammonia,25/04/2016,00:30:00,11.60,µg/m³,14.03 µg/m³, ,
PM2.5,25/04/2016,00:30:00,93.00,µg/m3,79.44 µg/m3 Data under scrutiney Prescribed Standard : 60.00 µg/m3, ,
PM10,25/04/2016,00:30:00,283.00,µg/m3,221.49 µg/m3 Data under scrutiney Prescribed Standard : 100.00 µg/m3, ,
Benzene,25/04/2016,00:30:00,NA, ,--- Data under scrutiney, ,
Toluene,25/04/2016,00:30:00,5.80,µg/m³,7.78 µg/m³, ,
Ambient Temperature,25/04/2016,00:30:00,21.70,°C,27.17 °C, ,
Relative Humidity,25/04/2016,00:30:00,24.00,%,19.20 %, ,
Wind Speed,25/04/2016,00:30:00,0.40,m/s,1.25 m/s, ,
Wind Direction,25/04/2016,00:30:00,225.00,deg,244.77 deg, ,
Solar Radiation,25/04/2016,00:30:00,17.00,w/m2,149.49 w/m2, ,
Bar Pressure,25/04/2016,00:30:00,736.00,millibar,735.35 millibar, ,
* Prescribed Standard for CO and OZONE is one hourly Average,
Nitric Oxide,25/04/2016,00:30:00,NA, ,30.36, ,
Nitrogen Dioxide,25/04/2016,00:30:00,62.20,µg/m3,54.53 µg/m3 Prescribed Standard : 80.00 µg/m3, ,
Oxides of Nitrogen,25/04/2016,00:30:00,56.20,ppb,73.29 ppb, ,
Sulfur Dioxide,25/04/2016,00:30:00,81.80,µg/m3,41.09 µg/m3 Prescribed Standard : 80.00 µg/m3, ,
Carbon Monoxide,25/04/2016,00:30:00,1.20,mg/m3,1.21 mg/m3 Prescribed Standard : 4.00 mg/m3, ,
Ammonia,25/04/2016,00:30:00,11.60,µg/m³,14.03 µg/m³, ,
PM2.5,25/04/2016,00:30:00,93.00,µg/m3,79.44 µg/m3 Data under scrutiney Prescribed Standard : 60.00 µg/m3, ,
PM10,25/04/2016,00:30:00,283.00,µg/m3,221.49 µg/m3 Data under scrutiney Prescribed Standard : 100.00 µg/m3, ,
Benzene,25/04/2016,00:30:00,NA, ,--- Data under scrutiney, ,
Toluene,25/04/2016,00:30:00,5.80,µg/m³,7.78 µg/m³, ,
Ambient Temperature,25/04/2016,00:30:00,21.70,°C,27.17 °C, ,
Relative Humidity,25/04/2016,00:30:00,24.00,%,19.20 %, ,
Wind Speed,25/04/2016,00:30:00,0.40,m/s,1.25 m/s, ,
Wind Direction,25/04/2016,00:30:00,225.00,deg,244.77 deg, ,
Solar Radiation,25/04/2016,00:30:00,17.00,w/m2,149.49 w/m2, ,
Bar Pressure,25/04/2016,00:30:00,736.00,millibar,735.35 millibar, ,
* Prescribed Standard for CO and OZONE is one hourly Average,















