
Nitric Oxide,24/04/2016,00:00:00,24.90,µg/m³,65.16 µg/m³, ,
Nitrogen Dioxide,24/04/2016,00:00:00,133.60,µg/m3,102.11 µg/m3 Data under scrutiney Prescribed Standard : 80.00 µg/m3, ,
Oxides of Nitrogen,24/04/2016,00:00:00,153.00,µg/m3,179.96 µg/m3, ,
Carbon Monoxide,24/04/2016,00:00:00,1.50,µg/m3,1.71 µg/m3 Prescribed Standard : 4.00 µg/m3, ,
Ozone,24/04/2016,00:00:00,11.60,µg/m³,103.23 µg/m³, ,
Ammonia,24/04/2016,00:00:00,20.30,µg/m3,25.20 µg/m3 Prescribed Standard : 400.00 µg/m3, ,
Wind Direction,24/04/2016,00:00:00,53.00,°,64.80 °, ,
Wind Speed,24/04/2016,00:00:00,1.50,m/s,1.26 m/s, ,
Benzene,24/04/2016,00:00:00,0.30,µg/m³,0.49 µg/m³, ,
Toluene,24/04/2016,00:00:00,1.70,µg/m³,2.56 µg/m³, ,
P Xylene,24/04/2016,00:00:00,1.00,µg/m³,1.14 µg/m³, ,
Temperature,24/04/2016,00:00:00,27.80,°C,25.65 °C, ,
Relative Humidity,24/04/2016,00:00:00,13.00,%,13.79 %, ,
Solar Radiation,24/04/2016,00:00:00,15.00,W/m2,111.71 W/m2, ,
Bar Pressure,24/04/2016,00:00:00,553.50,mmHg,553.50 mmHg, ,
* Prescribed Standard for CO and OZONE is one hourly Average,
Nitric Oxide,24/04/2016,00:00:00,24.90,µg/m³,65.16 µg/m³, ,
Nitrogen Dioxide,24/04/2016,00:00:00,133.60,µg/m3,102.11 µg/m3 Data under scrutiney Prescribed Standard : 80.00 µg/m3, ,
Oxides of Nitrogen,24/04/2016,00:00:00,153.00,µg/m3,179.96 µg/m3, ,
Carbon Monoxide,24/04/2016,00:00:00,1.50,µg/m3,1.71 µg/m3 Prescribed Standard : 4.00 µg/m3, ,
Ozone,24/04/2016,00:00:00,11.60,µg/m³,103.23 µg/m³, ,
Ammonia,24/04/2016,00:00:00,20.30,µg/m3,25.20 µg/m3 Prescribed Standard : 400.00 µg/m3, ,
Wind Direction,24/04/2016,00:00:00,53.00,°,64.80 °, ,
Wind Speed,24/04/2016,00:00:00,1.50,m/s,1.26 m/s, ,
Benzene,24/04/2016,00:00:00,0.30,µg/m³,0.49 µg/m³, ,
Toluene,24/04/2016,00:00:00,1.70,µg/m³,2.56 µg/m³, ,
P Xylene,24/04/2016,00:00:00,1.00,µg/m³,1.14 µg/m³, ,
Temperature,24/04/2016,00:00:00,27.80,°C,25.65 °C, ,
Relative Humidity,24/04/2016,00:00:00,13.00,%,13.79 %, ,
Solar Radiation,24/04/2016,00:00:00,15.00,W/m2,111.71 W/m2, ,
Bar Pressure,24/04/2016,00:00:00,553.50,mmHg,553.50 mmHg, ,
* Prescribed Standard for CO and OZONE is one hourly Average,
Nitric Oxide,25/04/2016,00:25:00,60.30,µg/m³,61.50 µg/m³, ,
Nitrogen Dioxide,25/04/2016,00:25:00,130.90,µg/m3,101.65 µg/m3 Data under scrutiney Prescribed Standard : 80.00 µg/m3, ,
Oxides of Nitrogen,25/04/2016,00:25:00,199.00,µg/m3,174.55 µg/m3, ,
Sulfur Dioxide,25/04/2016,00:25:00,33.40,µg/m3,56.14 µg/m3 Prescribed Standard : 80.00 µg/m3, ,
Carbon Monoxide,25/04/2016,00:25:00,1.30,µg/m3,1.67 µg/m3 Prescribed Standard : 4.00 µg/m3, ,
Ozone,25/04/2016,00:25:00,8.40,µg/m³,103.14 µg/m³, ,
Ammonia,25/04/2016,00:25:00,26.30,µg/m3,25.17 µg/m3 Prescribed Standard : 400.00 µg/m3, ,
PM2.5,25/04/2016,00:25:00,155.00,µg/m3,104.42 µg/m3 Data under scrutiney Prescribed Standard : 60.00 µg/m3, ,
PM10,25/04/2016,00:25:00,329.00,µg/m3,215.42 µg/m3 Data under scrutiney Prescribed Standard : 100.00 µg/m3, ,
Wind Direction,25/04/2016,00:25:00,57.00,°,63.67 °, ,
Wind Speed,25/04/2016,00:25:00,1.30,m/s,1.27 m/s, ,
Benzene,25/04/2016,00:25:00,0.30,µg/m³,0.49 µg/m³, ,
Toluene,25/04/2016,00:25:00,1.40,µg/m³,2.52 µg/m³, ,
P Xylene,25/04/2016,00:25:00,0.80,µg/m³,1.12 µg/m³, ,
Temperature,25/04/2016,00:25:00,27.00,°C,25.70 °C, ,
Relative Humidity,25/04/2016,00:25:00,15.00,%,13.69 %, ,
Solar Radiation,25/04/2016,00:25:00,15.00,W/m2,111.72 W/m2, ,
Bar Pressure,25/04/2016,00:25:00,553.50,mmHg,553.50 mmHg, ,
* Prescribed Standard for CO and OZONE is one hourly Average,
Nitric Oxide,25/04/2016,00:25:00,60.30,µg/m³,61.50 µg/m³, ,
Nitrogen Dioxide,25/04/2016,00:25:00,130.90,µg/m3,101.65 µg/m3 Data under scrutiney Prescribed Standard : 80.00 µg/m3, ,
Oxides of Nitrogen,25/04/2016,00:25:00,199.00,µg/m3,174.55 µg/m3, ,
Sulfur Dioxide,25/04/2016,00:25:00,33.40,µg/m3,56.14 µg/m3 Prescribed Standard : 80.00 µg/m3, ,
Carbon Monoxide,25/04/2016,00:25:00,1.30,µg/m3,1.67 µg/m3 Prescribed Standard : 4.00 µg/m3, ,
Ozone,25/04/2016,00:25:00,8.40,µg/m³,103.14 µg/m³, ,
Ammonia,25/04/2016,00:25:00,26.30,µg/m3,25.17 µg/m3 Prescribed Standard : 400.00 µg/m3, ,
PM2.5,25/04/2016,00:25:00,155.00,µg/m3,104.42 µg/m3 Data under scrutiney Prescribed Standard : 60.00 µg/m3, ,
PM10,25/04/2016,00:25:00,329.00,µg/m3,215.42 µg/m3 Data under scrutiney Prescribed Standard : 100.00 µg/m3, ,
Wind Direction,25/04/2016,00:25:00,57.00,°,63.67 °, ,
Wind Speed,25/04/2016,00:25:00,1.30,m/s,1.27 m/s, ,
Benzene,25/04/2016,00:25:00,0.30,µg/m³,0.49 µg/m³, ,
Toluene,25/04/2016,00:25:00,1.40,µg/m³,2.52 µg/m³, ,
P Xylene,25/04/2016,00:25:00,0.80,µg/m³,1.12 µg/m³, ,
Temperature,25/04/2016,00:25:00,27.00,°C,25.70 °C, ,
Relative Humidity,25/04/2016,00:25:00,15.00,%,13.69 %, ,
Solar Radiation,25/04/2016,00:25:00,15.00,W/m2,111.72 W/m2, ,
Bar Pressure,25/04/2016,00:25:00,553.50,mmHg,553.50 mmHg, ,
* Prescribed Standard for CO and OZONE is one hourly Average,
Nitric Oxide,25/04/2016,00:25:00,60.30,µg/m³,61.50 µg/m³, ,
Nitrogen Dioxide,25/04/2016,00:25:00,130.90,µg/m3,101.65 µg/m3 Data under scrutiney Prescribed Standard : 80.00 µg/m3, ,
Oxides of Nitrogen,25/04/2016,00:25:00,199.00,µg/m3,174.55 µg/m3, ,
Sulfur Dioxide,25/04/2016,00:25:00,33.40,µg/m3,56.14 µg/m3 Prescribed Standard : 80.00 µg/m3, ,
Carbon Monoxide,25/04/2016,00:25:00,1.30,µg/m3,1.67 µg/m3 Prescribed Standard : 4.00 µg/m3, ,
Ozone,25/04/2016,00:25:00,8.40,µg/m³,103.14 µg/m³, ,
Ammonia,25/04/2016,00:25:00,26.30,µg/m3,25.17 µg/m3 Prescribed Standard : 400.00 µg/m3, ,
PM2.5,25/04/2016,00:25:00,155.00,µg/m3,104.42 µg/m3 Data under scrutiney Prescribed Standard : 60.00 µg/m3, ,
PM10,25/04/2016,00:25:00,329.00,µg/m3,215.42 µg/m3 Data under scrutiney Prescribed Standard : 100.00 µg/m3, ,
Wind Direction,25/04/2016,00:25:00,57.00,°,63.67 °, ,
Wind Speed,25/04/2016,00:25:00,1.30,m/s,1.27 m/s, ,
Benzene,25/04/2016,00:25:00,0.30,µg/m³,0.49 µg/m³, ,
Toluene,25/04/2016,00:25:00,1.40,µg/m³,2.52 µg/m³, ,
P Xylene,25/04/2016,00:25:00,0.80,µg/m³,1.12 µg/m³, ,
Temperature,25/04/2016,00:25:00,27.00,°C,25.70 °C, ,
Relative Humidity,25/04/2016,00:25:00,15.00,%,13.69 %, ,
Solar Radiation,25/04/2016,00:25:00,15.00,W/m2,111.72 W/m2, ,
Bar Pressure,25/04/2016,00:25:00,553.50,mmHg,553.50 mmHg, ,
* Prescribed Standard for CO and OZONE is one hourly Average,


















