
Nitric Oxide,24/04/2016,00:00:00,164.70,µg/m3,171.69 µg/m3, ,
Nitrogen Dioxide,24/04/2016,00:00:00,152.30,µg/m3,98.23 µg/m3 Data under scrutiney Prescribed Standard : 80.00 µg/m3, ,
Oxides of Nitrogen,24/04/2016,00:00:00,360.60,ppb,321.99 ppb, ,
Carbon Monoxide,24/04/2016,00:00:00,3.70,mg/m3,2.67 mg/m3 Prescribed Standard : 4.00 mg/m3, ,
Ozone,24/04/2016,00:00:00,42.90,µg/m³,133.94 µg/m³, ,
Ammonia,24/04/2016,00:00:00,24.80,µg/m³,25.86 µg/m³, ,
PM2.5,24/04/2016,00:00:00,201.00,µg/m3,164.29 µg/m3 Data under scrutiney Prescribed Standard : 60.00 µg/m3, ,
PM10,24/04/2016,00:00:00,412.00,µg/m3,320.32 µg/m3 Data under scrutiney Prescribed Standard : 100.00 µg/m3, ,
Benzene,24/04/2016,00:00:00,9.30,µg/m³,6.13 µg/m³, ,
Toluene,24/04/2016,00:00:00,29.20,µg/m³,17.48 µg/m³, ,
P Xylene,24/04/2016,00:00:00,19.40,µg/m³,8.95 µg/m³, ,
Temperature,24/04/2016,00:00:00,23.40,°C,28.15 °C, ,
Relative Humidity,24/04/2016,00:00:00,24.00,%,21.17 %, ,
Wind Speed,24/04/2016,00:00:00,0.30,m/s,1.02 m/s, ,
Wind Direction,24/04/2016,00:00:00,128.00,°,214.40 °, ,
Vertical Wind Speed,24/04/2016,00:00:00,-0.10,m/s,-0.13 m/s, ,
Solar Radiation,24/04/2016,00:00:00,3.00,w/m2,139.87 w/m2, ,
Bar Pressure,24/04/2016,00:00:00,734.00,millibar,733.64 millibar, ,
* Prescribed Standard for CO and OZONE is one hourly Average,
Nitric Oxide,24/04/2016,00:00:00,164.70,µg/m3,171.69 µg/m3, ,
Nitrogen Dioxide,24/04/2016,00:00:00,152.30,µg/m3,98.23 µg/m3 Data under scrutiney Prescribed Standard : 80.00 µg/m3, ,
Oxides of Nitrogen,24/04/2016,00:00:00,360.60,ppb,321.99 ppb, ,
Carbon Monoxide,24/04/2016,00:00:00,3.70,mg/m3,2.67 mg/m3 Prescribed Standard : 4.00 mg/m3, ,
Ozone,24/04/2016,00:00:00,42.90,µg/m³,133.94 µg/m³, ,
Ammonia,24/04/2016,00:00:00,24.80,µg/m³,25.86 µg/m³, ,
PM2.5,24/04/2016,00:00:00,201.00,µg/m3,164.29 µg/m3 Data under scrutiney Prescribed Standard : 60.00 µg/m3, ,
PM10,24/04/2016,00:00:00,412.00,µg/m3,320.32 µg/m3 Data under scrutiney Prescribed Standard : 100.00 µg/m3, ,
Benzene,24/04/2016,00:00:00,9.30,µg/m³,6.13 µg/m³, ,
Toluene,24/04/2016,00:00:00,29.20,µg/m³,17.48 µg/m³, ,
P Xylene,24/04/2016,00:00:00,19.40,µg/m³,8.95 µg/m³, ,
Temperature,24/04/2016,00:00:00,23.40,°C,28.15 °C, ,
Relative Humidity,24/04/2016,00:00:00,24.00,%,21.17 %, ,
Wind Speed,24/04/2016,00:00:00,0.30,m/s,1.02 m/s, ,
Wind Direction,24/04/2016,00:00:00,128.00,°,214.40 °, ,
Vertical Wind Speed,24/04/2016,00:00:00,-0.10,m/s,-0.13 m/s, ,
Solar Radiation,24/04/2016,00:00:00,3.00,w/m2,139.87 w/m2, ,
Bar Pressure,24/04/2016,00:00:00,734.00,millibar,733.64 millibar, ,
* Prescribed Standard for CO and OZONE is one hourly Average,
Nitric Oxide,25/04/2016,00:30:00,46.80,µg/m3,161.73 µg/m3, ,
Nitrogen Dioxide,25/04/2016,00:30:00,133.90,µg/m3,98.04 µg/m3 Data under scrutiney Prescribed Standard : 80.00 µg/m3, ,
Oxides of Nitrogen,25/04/2016,00:30:00,183.20,ppb,308.21 ppb, ,
Sulfur Dioxide,25/04/2016,00:30:00,109.80,µg/m3,55.37 µg/m3 Prescribed Standard : 80.00 µg/m3, ,
Carbon Monoxide,25/04/2016,00:30:00,1.90,mg/m3,2.59 mg/m3 Prescribed Standard : 4.00 mg/m3, ,
Ozone,25/04/2016,00:30:00,34.00,µg/m³,133.85 µg/m³, ,
Ammonia,25/04/2016,00:30:00,27.90,µg/m³,25.78 µg/m³, ,
PM2.5,25/04/2016,00:30:00,201.00,µg/m3,163.46 µg/m3 Data under scrutiney Prescribed Standard : 60.00 µg/m3, ,
PM10,25/04/2016,00:30:00,412.00,µg/m3,318.62 µg/m3 Data under scrutiney Prescribed Standard : 100.00 µg/m3, ,
Benzene,25/04/2016,00:30:00,6.70,µg/m³,6.05 µg/m³, ,
Toluene,25/04/2016,00:30:00,24.60,µg/m³,17.29 µg/m³, ,
P Xylene,25/04/2016,00:30:00,15.90,µg/m³,8.81 µg/m³, ,
Temperature,25/04/2016,00:30:00,25.00,°C,28.21 °C, ,
Relative Humidity,25/04/2016,00:30:00,20.00,%,20.84 %, ,
Wind Speed,25/04/2016,00:30:00,0.60,m/s,1.03 m/s, ,
Wind Direction,25/04/2016,00:30:00,160.00,°,211.11 °, ,
Vertical Wind Speed,25/04/2016,00:30:00,-0.10,m/s,-0.13 m/s, ,
Solar Radiation,25/04/2016,00:30:00,4.00,w/m2,139.86 w/m2, ,
Bar Pressure,25/04/2016,00:30:00,735.00,millibar,733.64 millibar, ,
* Prescribed Standard for CO and OZONE is one hourly Average,
Nitric Oxide,25/04/2016,00:30:00,46.80,µg/m3,161.73 µg/m3, ,
Nitrogen Dioxide,25/04/2016,00:30:00,133.90,µg/m3,98.04 µg/m3 Data under scrutiney Prescribed Standard : 80.00 µg/m3, ,
Oxides of Nitrogen,25/04/2016,00:30:00,183.20,ppb,308.21 ppb, ,
Sulfur Dioxide,25/04/2016,00:30:00,109.80,µg/m3,55.37 µg/m3 Prescribed Standard : 80.00 µg/m3, ,
Carbon Monoxide,25/04/2016,00:30:00,1.90,mg/m3,2.59 mg/m3 Prescribed Standard : 4.00 mg/m3, ,
Ozone,25/04/2016,00:30:00,34.00,µg/m³,133.85 µg/m³, ,
Ammonia,25/04/2016,00:30:00,27.90,µg/m³,25.78 µg/m³, ,
PM2.5,25/04/2016,00:30:00,201.00,µg/m3,163.46 µg/m3 Data under scrutiney Prescribed Standard : 60.00 µg/m3, ,
PM10,25/04/2016,00:30:00,412.00,µg/m3,318.62 µg/m3 Data under scrutiney Prescribed Standard : 100.00 µg/m3, ,
Benzene,25/04/2016,00:30:00,6.70,µg/m³,6.05 µg/m³, ,
Toluene,25/04/2016,00:30:00,24.60,µg/m³,17.29 µg/m³, ,
P Xylene,25/04/2016,00:30:00,15.90,µg/m³,8.81 µg/m³, ,
Temperature,25/04/2016,00:30:00,25.00,°C,28.21 °C, ,
Relative Humidity,25/04/2016,00:30:00,20.00,%,20.84 %, ,
Wind Speed,25/04/2016,00:30:00,0.60,m/s,1.03 m/s, ,
Wind Direction,25/04/2016,00:30:00,160.00,°,211.11 °, ,
Vertical Wind Speed,25/04/2016,00:30:00,-0.10,m/s,-0.13 m/s, ,
Solar Radiation,25/04/2016,00:30:00,4.00,w/m2,139.86 w/m2, ,
Bar Pressure,25/04/2016,00:30:00,735.00,millibar,733.64 millibar, ,
* Prescribed Standard for CO and OZONE is one hourly Average,
Nitric Oxide,25/04/2016,00:30:00,46.80,µg/m3,161.73 µg/m3, ,
Nitrogen Dioxide,25/04/2016,00:30:00,133.90,µg/m3,98.04 µg/m3 Data under scrutiney Prescribed Standard : 80.00 µg/m3, ,
Oxides of Nitrogen,25/04/2016,00:30:00,183.20,ppb,308.21 ppb, ,
Sulfur Dioxide,25/04/2016,00:30:00,109.80,µg/m3,55.37 µg/m3 Prescribed Standard : 80.00 µg/m3, ,
Carbon Monoxide,25/04/2016,00:30:00,1.90,mg/m3,2.59 mg/m3 Prescribed Standard : 4.00 mg/m3, ,
Ozone,25/04/2016,00:30:00,34.00,µg/m³,133.85 µg/m³, ,
Ammonia,25/04/2016,00:30:00,27.90,µg/m³,25.78 µg/m³, ,
PM2.5,25/04/2016,00:30:00,201.00,µg/m3,163.46 µg/m3 Data under scrutiney Prescribed Standard : 60.00 µg/m3, ,
PM10,25/04/2016,00:30:00,412.00,µg/m3,318.62 µg/m3 Data under scrutiney Prescribed Standard : 100.00 µg/m3, ,
Benzene,25/04/2016,00:30:00,6.70,µg/m³,6.05 µg/m³, ,
Toluene,25/04/2016,00:30:00,24.60,µg/m³,17.29 µg/m³, ,
P Xylene,25/04/2016,00:30:00,15.90,µg/m³,8.81 µg/m³, ,
Temperature,25/04/2016,00:30:00,25.00,°C,28.21 °C, ,
Relative Humidity,25/04/2016,00:30:00,20.00,%,20.84 %, ,
Wind Speed,25/04/2016,00:30:00,0.60,m/s,1.03 m/s, ,
Wind Direction,25/04/2016,00:30:00,160.00,°,211.11 °, ,
Vertical Wind Speed,25/04/2016,00:30:00,-0.10,m/s,-0.13 m/s, ,
Solar Radiation,25/04/2016,00:30:00,4.00,w/m2,139.86 w/m2, ,
Bar Pressure,25/04/2016,00:30:00,735.00,millibar,733.64 millibar, ,
* Prescribed Standard for CO and OZONE is one hourly Average,
Nitric Oxide,25/04/2016,00:30:00,46.80,µg/m3,161.73 µg/m3, ,
Nitrogen Dioxide,25/04/2016,00:30:00,133.90,µg/m3,98.04 µg/m3 Data under scrutiney Prescribed Standard : 80.00 µg/m3, ,
Oxides of Nitrogen,25/04/2016,00:30:00,183.20,ppb,308.21 ppb, ,
Sulfur Dioxide,25/04/2016,00:30:00,109.80,µg/m3,55.37 µg/m3 Prescribed Standard : 80.00 µg/m3, ,
Carbon Monoxide,25/04/2016,00:30:00,1.90,mg/m3,2.59 mg/m3 Prescribed Standard : 4.00 mg/m3, ,
Ozone,25/04/2016,00:30:00,34.00,µg/m³,133.85 µg/m³, ,
Ammonia,25/04/2016,00:30:00,27.90,µg/m³,25.78 µg/m³, ,
PM2.5,25/04/2016,00:30:00,201.00,µg/m3,163.46 µg/m3 Data under scrutiney Prescribed Standard : 60.00 µg/m3, ,
PM10,25/04/2016,00:30:00,412.00,µg/m3,318.62 µg/m3 Data under scrutiney Prescribed Standard : 100.00 µg/m3, ,
Benzene,25/04/2016,00:30:00,6.70,µg/m³,6.05 µg/m³, ,
Toluene,25/04/2016,00:30:00,24.60,µg/m³,17.29 µg/m³, ,
P Xylene,25/04/2016,00:30:00,15.90,µg/m³,8.81 µg/m³, ,
Temperature,25/04/2016,00:30:00,25.00,°C,28.21 °C, ,
Relative Humidity,25/04/2016,00:30:00,20.00,%,20.84 %, ,
Wind Speed,25/04/2016,00:30:00,0.60,m/s,1.03 m/s, ,
Wind Direction,25/04/2016,00:30:00,160.00,°,211.11 °, ,
Vertical Wind Speed,25/04/2016,00:30:00,-0.10,m/s,-0.13 m/s, ,
Solar Radiation,25/04/2016,00:30:00,4.00,w/m2,139.86 w/m2, ,
Bar Pressure,25/04/2016,00:30:00,735.00,millibar,733.64 millibar, ,
* Prescribed Standard for CO and OZONE is one hourly Average,
Nitric Oxide,00:30:00,µg/m3, ,25/04/2016,133.90,98.04 µg/m3 Data under scrutiney Prescribed Standard : 80.00 µg/m3,
Oxides of Nitrogen,00:30:00,ppb, ,25/04/2016,109.80,55.37 µg/m3 Prescribed Standard : 80.00 µg/m3,
Carbon Monoxide,00:30:00,mg/m3, ,25/04/2016,34.00,133.85 µg/m³,
Ammonia,00:30:00,µg/m³, ,25/04/2016,201.00,163.46 µg/m3 Data under scrutiney Prescribed Standard : 60.00 µg/m3,
PM10,00:30:00,µg/m3, ,25/04/2016,6.70,6.05 µg/m³,
Toluene,00:30:00,µg/m³, ,25/04/2016,15.90,8.81 µg/m³,
Temperature,00:30:00,°C, ,25/04/2016,20.00,20.84 %,
Wind Speed,00:30:00,m/s, ,25/04/2016,160.00,211.11 °,
Vertical Wind Speed,00:30:00,m/s, ,25/04/2016,4.00,139.86 w/m2,
Bar Pressure,00:30:00,millibar, ,



















